op1fDsKmliVxI68-6_3qFMmw.docx, 婚姻法》第十七条
op2WeCDyCld__kR5loFB5HNQ.docx, 合同法》第94条
op3RtyMUtWClr1C4IzgDwA5w.docx, 民法总则》第一百八十条
op5XXbg6EVnzxWTk31A9gOwg.docx, 合同法》第六十一条
op5ylvUn1Gwkq7Z8uFsYRIHg.docx, 合同法》第八十条
op6MoM-N2pjNs8O392L3F_Mw.docx, 合同法》第二十五条
op6XmMqM99TaVVjeTL79uvaw.docx, 侵权责任法》第六十一条
op7YjMD1SfHK3mzZLID54NHQ.docx, 合同法》第二百六十八条
op9TT2yHlMzU4km3w4rPGaxw.docx, 合同法》第63条
opA_Kj8hAxCXTheANLaU9LeQ.docx, 合同法》第六十三条
opAvgcXqz6lb8XviwqC9p8Cw.docx, 婚姻法第十八条
opBWAqYmBixkKDT10WxIyq-Q.docx, 民法通则》第153条
opCow4a_7-p9qufyD8fMbvNw.docx, 合同法》第125条
opEfmLxDbXme3BmVmwe_FGHQ.docx, 民法总则》第一百八十条
opElv52D3rdNy1Fru5tIe5eA.docx, 物权法》第180条
opGamonbxZ-Z6CViEUobeWNQ.docx, 合同法》第二百六十八条
opHpETHWvi4WCNW5HSlYRG1g.docx, 合同法》第十九条
opI3W6jv8YjAqABNYSyECkJg.docx, 合同法》第六十三条
opIbnzN6AqmIl217WLKiOMmg.docx, 民法总则》第一百八十条
opJ71qAqvERzUCOzn1NLy-Zw.docx, 合同法第一百八十六条
opK6BUvvW91iOByCUGekM0AQ.docx, 合同法》第94条
opKZEGEriQs5US8RNVR__YFw.docx, 婚姻法》第十七条
opNxhKmrndELcnGQSBbATf1g.docx, 合同法》第八十一条
opQaj1MmlVv35tQxMVW29rAw.docx, 民法通则》第136条
opWQXxAuAkhIlE3HTHr2ARyA.docx, 合同法》第二百五十一条
opae62YHtA-ALsnA-7EFbXfg.docx, 侵权责任法》第八十七条
opdqFvWQsn5bSRm6tTbn3u5w.docx, 合同法》第二百六十八条
opgKPxOigePP1DSzFOVRYqtQ.docx, 民法总则》第一百四十三条
opifPE0HqmMrPbH9T1nNEn5A.docx, 担保法》第十八条
opkXQewYYSpfflYtv3HhJZ_A.docx, 合同法》第九十三条
oplC_IKmVrY_q9OUwsM1XxCA.docx, 继承法》第17条
opm_lr8k-oKTjymJai9xyXDw.docx, 合同法》第63条
opmdU0mB6VC6jsvZDhSsZ5AQ.docx, 合同法》第一百一十七条
opnLcW9l0o8A5g2I3EsevrlQ.docx, 物权法》第一百九十五条
opnR59dUqzILL6s092olBoKg.docx, 合同法》第八十条
opouyZRCD4K9F_Ao-I26HOWw.docx, 侵权责任法》第三十四条
opqCDv2_W8SPqU4v3nlRs0dQ.docx, 合同法》第十五条
opr7z6STl0OciTAKZGl2sY-g.docx, 民法总则》第一百八十条
opsDEgh5PSzuP1yfyJdQ5zSg.docx, 合同法》第311条
opsbdkMYm0VGEE_kq8hT2b6Q.docx, 合同法》第63条
opvykrnNueXhph6yFdAeKOng.docx, 物权法》第二十三条
opy6F7-L-eLkwLhnv9kYrQ9g.docx, 合同法第一百一十四条